{"entities": {"AGE": {"short": "AGE", "verbose": "Age"}, "AWARD": {"short": "AWARD", "verbose": "Award"}, "CITY": {"short": "CITY", "verbose": "City"}, "COUNTRY": {"short": "COUNTRY", "verbose": "Country"}, "CRIME": {"short": "CRIME", "verbose": "Crime"}, "DATE": {"short": "DATE", "verbose": "Date"}, "DISEASE": {"short": "DISEASE", "verbose": "Disease"}, "DISTRICT": {"short": "DISTRICT", "verbose": "District"}, "EVENT": {"short": "EVENT", "verbose": "Event"}, "FACILITY": {"short": "FACILITY", "verbose": "Facility"}, "FAMILY": {"short": "FAMILY", "verbose": "Family"}, "IDEOLOGY": {"short": "IDEOLOGY", "verbose": "Ideology"}, "LANGUAGE": {"short": "LANGUAGE", "verbose": "Language"}, "LAW": {"short": "LAW", "verbose": "Law"}, "LOCATION": {"short": "LOCATION", "verbose": "Location"}, "MONEY": {"short": "MONEY", "verbose": "Money"}, "NATIONALITY": {"short": "NATIONALITY", "verbose": "Nationality"}, "NUMBER": {"short": "NUMBER", "verbose": "Number"}, "ORDINAL": {"short": "ORDINAL", "verbose": "Ordinal"}, "ORGANIZATION": {"short": "ORGANIZATION", "verbose": "Organization"}, "PENALTY": {"short": "PENALTY", "verbose": "Penalty"}, "PERCENT": {"short": "PERCENT", "verbose": "Percent"}, "PERSON": {"short": "PERSON", "verbose": "Person"}, "PRODUCT": {"short": "PRODUCT", "verbose": "Product"}, "PROFESSION": {"short": "PROFESSION", "verbose": "Profession"}, "RELIGION": {"short": "RELIGION", "verbose": "Religion"}, "STATE_OR_PROVINCE": {"short": "STATE_OR_PROVINCE", "verbose": "State or Province"}, "TIME": {"short": "TIME", "verbose": "Time"}, "WORK_OF_ART": {"short": "WORK_OF_ART", "verbose": "Work of Art"}},
"relations": {"Workaround": {"short": "Workaround", "verbose": "Workaround", "symmetric": false}}}
